punto,humedal,lat,lon,coord_tipo,ubicacion_desc,fecha,ph,od,p_total,ntk,nh4,dqo,dbo5,turbiedad,sst,conductividad,grasas_aceites,coliformes_fecales,coliformes_totales,profundidad,area_inundada,nivel_freatico,conexiones,caudal,fuente,referencia
VACA06-ENTRADA,La Vaca Norte,4.627623,-74.161102,documento,Entrada: canal en tierra en la confluencia de los tres colectores (sector nororiental). Coord. planas Bogota N 103472.96 E 90724.19,2006-05-23,7.02,0.24,4.36,28,25.2,164,104,28,420,802,29,460000,8400000,,,,,,PMA_VACA_2009,Tabla 27 p.95 (coliformes en UFC/100 ml)
VACA06-SALIDA,La Vaca Norte,4.630505,-74.163790,documento,Salida del vaso que entrega al alcantarillado. Coord. planas Bogota N 103791.82 E 90425.85,2006-05-23,6.72,0.38,3.57,24,19.6,83,41,24,300,711,6,260000,1400000,,,,,,PMA_VACA_2009,Tabla 27 p.95 (coliformes en UFC/100 ml)
VACA06-SUR,La Vaca Sur,4.624075,-74.165961,documento,Sector Sur: parte central del canal natural en tierra (unico espejo visible). Coord. planas Bogota N 103080.46 E 90184.81,2006-07-18,6.6,0.24,3.07,35,26.6,172,52,15,680,998,17,26000,620000,,,,,,PMA_VACA_2009,Tabla 27 p.95 (coliformes en UFC/100 ml)
VACA06-ALCPLUV-M1,La Vaca Sur,4.623266,-74.165175,aproximada,Dentro del alcantarillado pluvial de 1.70 m que llega por la Calle 42G Sur; ubicado aprox. en el extremo SE del poligono del sector Sur (Fig. 40 PMA 2023),2006-06-23,,0.25,11.4,92.4,,468,390,,187,,89,2500000,34000000,,,,,,PMA_VACA_2009,Tabla 26 p.94 muestra 1 (coliformes UFC/100 ml); fecha segun texto p.89-90
VACA06-ALCPLUV-M2,La Vaca Sur,4.623266,-74.165175,aproximada,Contramuestra en el mismo alcantarillado pluvial de la Calle 42G Sur,2006-07-18,,0.4,11.2,92,,456,343,,176,,107,2900000,41000000,,,,,,PMA_VACA_2009,Tabla 26 p.94 muestra 2 (coliformes UFC/100 ml)
VAC-ArrBiof,La Vaca Norte,4.627444,-74.159381,aproximada,"Aguas arriba del biofiltro (laguna de sedimentacion, extremo oriental del sector Norte); digitalizado sobre la grilla MAGNA Ciudad Bogota (EPSG:6247) del mapa Figura 40 (error aprox. 10 m)",2022-11-29,7.5,5.82,1.24,30.2,18.9,74.6,23.5,6.34,36,544,13.8,293300,322300,,,,,,PMA_VACA_2023,Cap. I Tabla 24 p.72-73 (coliformes termotolerantes NMP/100 mL -> coliformes_fecales); ubicacion Figura 40 p.71
VAC-Mira,La Vaca Norte,4.628524,-74.161811,aproximada,"Junto a la mira, laguna natural del sector Norte; digitalizado sobre la grilla MAGNA Ciudad Bogota (EPSG:6247) del mapa Figura 40 (error aprox. 10 m)",2022-11-29,7.3,11.58,1.55,8.61,4.91,59.9,18.5,2.23,18,405,3.24,<1,574800,,,,,,PMA_VACA_2023,Cap. I Tabla 24 p.72-73 (coliformes termotolerantes NMP/100 mL -> coliformes_fecales); ubicacion Figura 40 p.71
VAC-Reb,La Vaca Norte,4.629196,-74.162836,aproximada,Extremo noroccidental de la laguna natural del sector Norte; digitalizado sobre la grilla MAGNA Ciudad Bogota (EPSG:6247) del mapa Figura 40 (error aprox. 10 m),2022-11-29,8.1,18.19,1.36,5.37,1.95,75,22.6,13.5,42,388,11.4,17500,332500,,,,,,PMA_VACA_2023,Cap. I Tabla 24 p.72-73 (coliformes termotolerantes NMP/100 mL -> coliformes_fecales); ubicacion Figura 40 p.71
VAC-Sur,La Vaca Sur,4.625173,-74.166806,aproximada,Extremo norte del cuerpo de agua del sector Sur; digitalizado sobre la grilla MAGNA Ciudad Bogota (EPSG:6247) del mapa Figura 40 (error aprox. 10 m),2022-11-28,7.4,3.6,0.239,3.99,1.61,74.2,22.3,40.3,214,1029,3.11,3360,21870,,,,,,PMA_VACA_2023,Cap. I Tabla 24 p.72-73 (coliformes termotolerantes NMP/100 mL -> coliformes_fecales); ubicacion Figura 40 p.71
UCMC18-P1-SECA,La Vaca Norte,4.62753,-74.15928,documento,"Sector A, laguna de sedimentacion, entrada de agua",2018-09 (epoca seca),,,,,,,,,,,,,>5700,,,,,,UCMC_2019,"Tabla 3 p.28 (coord.) y Tabla 5 p.33 (UFC/100 ml, filtracion por membrana)"
UCMC18-P1-LLUVIA,La Vaca Norte,4.62753,-74.15928,documento,"Sector A, laguna de sedimentacion, entrada de agua",2018-05 (epoca de lluvia),,,,,,,,,,,,,>5700,,,,,,UCMC_2019,"Tabla 3 p.28 (coord.) y Tabla 5 p.33 (UFC/100 ml, filtracion por membrana)"
UCMC18-P2-SECA,La Vaca Norte,4.62754,-74.15952,documento,"Sector A, laguna de sedimentacion antes del biofiltro",2018-09 (epoca seca),,,,,,,,,,,,,>5700,,,,,,UCMC_2019,"Tabla 3 p.28 (coord.) y Tabla 5 p.33 (UFC/100 ml, filtracion por membrana)"
UCMC18-P2-LLUVIA,La Vaca Norte,4.62754,-74.15952,documento,"Sector A, laguna de sedimentacion antes del biofiltro",2018-05 (epoca de lluvia),,,,,,,,,,,,,5500,,,,,,UCMC_2019,"Tabla 3 p.28 (coord.) y Tabla 5 p.33 (UFC/100 ml, filtracion por membrana)"
UCMC18-P3-SECA,La Vaca Norte,4.62785,-74.16151,documento,"Sector B, espejo de agua despues del biofiltro",2018-09 (epoca seca),,,,,,,,,,,,,>5700,,,,,,UCMC_2019,"Tabla 3 p.28 (coord.) y Tabla 5 p.33 (UFC/100 ml, filtracion por membrana)"
UCMC18-P3-LLUVIA,La Vaca Norte,4.62785,-74.16151,documento,"Sector B, espejo de agua despues del biofiltro",2018-05 (epoca de lluvia),,,,,,,,,,,,,4100,,,,,,UCMC_2019,"Tabla 3 p.28 (coord.) y Tabla 5 p.33 (UFC/100 ml, filtracion por membrana)"
UCMC18-P4-SECA,La Vaca Norte,4.62799,-74.16148,documento,"Sector B, inicio de la laguna natural",2018-09 (epoca seca),,,,,,,,,,,,,3300,,,,,,UCMC_2019,"Tabla 3 p.28 (coord.) y Tabla 5 p.33 (UFC/100 ml, filtracion por membrana)"
UCMC18-P4-LLUVIA,La Vaca Norte,4.62799,-74.16148,documento,"Sector B, inicio de la laguna natural",2018-05 (epoca de lluvia),,,,,,,,,,,,,900,,,,,,UCMC_2019,"Tabla 3 p.28 (coord.) y Tabla 5 p.33 (UFC/100 ml, filtracion por membrana)"
UCMC18-P5-SECA,La Vaca Norte,4.62810,-74.16167,documento,"Sector B, plantacion de junco",2018-09 (epoca seca),,,,,,,,,,,,,>5700,,,,,,UCMC_2019,"Tabla 3 p.28 (coord.) y Tabla 5 p.33 (UFC/100 ml, filtracion por membrana)"
UCMC18-P5-LLUVIA,La Vaca Norte,4.62810,-74.16167,documento,"Sector B, plantacion de junco",2018-05 (epoca de lluvia),,,,,,,,,,,,,200,,,,,,UCMC_2019,"Tabla 3 p.28 (coord.) y Tabla 5 p.33 (UFC/100 ml, filtracion por membrana)"
UCMC18-P6-SECA,La Vaca Norte,4.62841,-74.16191,documento,"Sector C, centro de la laguna natural (fabrica de tubos)",2018-09 (epoca seca),,,,,,,,,,,,,300,,,,,,UCMC_2019,"Tabla 3 p.28 (coord.) y Tabla 5 p.33 (UFC/100 ml, filtracion por membrana)"
UCMC18-P6-LLUVIA,La Vaca Norte,4.62841,-74.16191,documento,"Sector C, centro de la laguna natural (fabrica de tubos)",2018-05 (epoca de lluvia),,,,,,,,,,,,,>5700,,,,,,UCMC_2019,"Tabla 3 p.28 (coord.) y Tabla 5 p.33 (UFC/100 ml, filtracion por membrana)"
UCMC18-P7-SECA,La Vaca Norte,4.62859,-74.16182,documento,"Sector C, centro de la laguna natural (filtraciones de Corabastos)",2018-09 (epoca seca),,,,,,,,,,,,,0,,,,,,UCMC_2019,"Tabla 3 p.28 (coord.) y Tabla 5 p.33 (UFC/100 ml, filtracion por membrana)"
UCMC18-P7-LLUVIA,La Vaca Norte,4.62859,-74.16182,documento,"Sector C, centro de la laguna natural (filtraciones de Corabastos)",2018-05 (epoca de lluvia),,,,,,,,,,,,,>5700,,,,,,UCMC_2019,"Tabla 3 p.28 (coord.) y Tabla 5 p.33 (UFC/100 ml, filtracion por membrana)"
UCMC18-P8-SECA,La Vaca Norte,4.62872,-74.16216,documento,"Sector C, costado norte de la laguna natural",2018-09 (epoca seca),,,,,,,,,,,,,2000,,,,,,UCMC_2019,"Tabla 3 p.28 (coord.) y Tabla 5 p.33 (UFC/100 ml, filtracion por membrana)"
UCMC18-P8-LLUVIA,La Vaca Norte,4.62872,-74.16216,documento,"Sector C, costado norte de la laguna natural",2018-05 (epoca de lluvia),,,,,,,,,,,,,900,,,,,,UCMC_2019,"Tabla 3 p.28 (coord.) y Tabla 5 p.33 (UFC/100 ml, filtracion por membrana)"
UCMC18-P9-SECA,La Vaca Norte,4.62889,-74.16196,documento,"Sector C, laguna natural",2018-09 (epoca seca),,,,,,,,,,,,,>5700,,,,,,UCMC_2019,"Tabla 3 p.28 (coord.) y Tabla 5 p.33 (UFC/100 ml, filtracion por membrana)"
UCMC18-P9-LLUVIA,La Vaca Norte,4.62889,-74.16196,documento,"Sector C, laguna natural",2018-05 (epoca de lluvia),,,,,,,,,,,,,1000,,,,,,UCMC_2019,"Tabla 3 p.28 (coord.) y Tabla 5 p.33 (UFC/100 ml, filtracion por membrana)"
UCMC18-P10-SECA,La Vaca Norte,4.62958,-74.16287,documento,"Sector D, final de la laguna natural",2018-09 (epoca seca),,,,,,,,,,,,,1500,,,,,,UCMC_2019,"Tabla 3 p.28 (coord.) y Tabla 5 p.33 (UFC/100 ml, filtracion por membrana)"
UCMC18-P10-LLUVIA,La Vaca Norte,4.62958,-74.16287,documento,"Sector D, final de la laguna natural",2018-05 (epoca de lluvia),,,,,,,,,,,,,900,,,,,,UCMC_2019,"Tabla 3 p.28 (coord.) y Tabla 5 p.33 (UFC/100 ml, filtracion por membrana)"
VACA-N-SECTOR,La Vaca Norte,4.628524,-74.161811,aproximada,Representativo del sector Norte (Corabastos); ubicado en el centro del espejo (punto VAC-Mira),2006-2009,,,,,,,,,,,,,,,1.4,0.5,,,PMA_VACA_2009,"area: espejo de agua proyectado 1.4 ha (balance hidrico sector norte, p.~36); nivel freatico 0.5 m (hidrogeologia, p.~22); area legal sector norte 5.72 ha (p.4)"
VACA-N-CONEX,La Vaca Norte,4.627444,-74.159381,aproximada,Area de aporte del sector Norte (ubicado en la laguna de sedimentacion / entrada),2021 (1er semestre),,,,,,,,,,,,,,,,,13,,PMA_VACA_2023,"Cap. II (sec. vertimientos): 13 conexiones erradas identificadas por la EAAB en el sector norte, 11 corregidas (Contrato 0083-2020); Cap. I p.~136"
VACA-N-PROFMAX,La Vaca Norte,4.630505,-74.163790,aproximada,"Zona noroccidental del sector Norte, cerca de la compuerta No. 6 (ubicado junto al punto Salida 2006)",2006-05,,,,,,,,,,,,,,1.5,,,,,PMA_VACA_2009,Vegetacion sector norte p.72: mayor profundidad del humedal 1.50 m (en kikuyo/botoncillo 0-0.5 m)
VACA-S-CANAL,La Vaca Sur,4.624075,-74.165961,aproximada,Curso de agua de 1 m de ancho que atraviesa el sector Sur,2006-05,,,,,,,,,,,,,,0.5,,,,,PMA_VACA_2009,"Vegetacion sector sur p.71-72 (profundidad 50 cm); area legal sector sur 2.24 ha, sin espejo de agua"
VACA-N-TUBO1,La Vaca Norte,4.627623,-74.161102,aproximada,Tubo 1 adyacente a la Puerta No. 5 de Corabastos (entrada del sector norte); ubicado en el punto Entrada 2006,modelado (PMA 2009),,,,,,,,,,,,,,,,,,3787.5,PMA_VACA_2009,"Tabla 9 p.~33: caudal pico de diseno Tr=3 anos (Tr10=5415.1, Tr25=6774.33 L/s); MODELADO, no medido"
VACA-N-TUBO2,La Vaca Norte,4.627623,-74.161102,aproximada,Tubo 2 contiguo al Tubo 1 (despues conectado por la EAAB al alcantarillado pluvial),modelado (PMA 2009),,,,,,,,,,,,,,,,,,2745.3,PMA_VACA_2009,"Tabla 9: caudal pico Tr=3 anos (Tr10=3941.6, Tr25=4875.59 L/s); MODELADO"
VACA-S-TUBERIA,La Vaca Sur,4.623266,-74.165175,aproximada,Tuberia afluente del sector Sur (Calle 42G Sur),modelado (PMA 2009),,,,,,,,,,,,,,,,,,2500.2,PMA_VACA_2009,"Tabla 17 p.44: caudal pico Tr=3 anos (Tr10=3488.8, Tr25=4641.4 L/s); MODELADO"
BURRO06-S1,El Burro,4.645856,-74.153753,aproximada,"Sitio 1: limite noroccidental, sin espejo libre, vegetacion herbacea emergente (llegada del Canal Castilla). La Figura 82 no numera los puntos; ubicado segun la descripcion sobre el poligono del PMA 2023 (incertidumbre ~50-100 m)",2006-07,6.5,0.9,1.04,5,0.6,102,95,21,54,139.5,0,,9208,,,,,,PMA_BURRO_2008,"Tabla 33 p.131-132 (nh4 = Amonio; coliformes totales NMP/100 mL; fecales no medidos, E.coli=30; celdas de coliformes partidas en el PDF, leidas como numero completo)"
BURRO06-S2,El Burro,4.640432,-74.149185,aproximada,"Sitio 2: costado sureste, vegetacion densa de Rumex/Polygonum, cerca a Typha. La Figura 82 no numera los puntos; ubicado segun la descripcion sobre el poligono del PMA 2023 (incertidumbre ~50-100 m)",2006-07,7.9,0,4.73,23.8,19.9,153,89,50,30,247.5,0,,3790000,,,,,,PMA_BURRO_2008,"Tabla 33 p.131-132 (nh4 = Amonio; coliformes totales NMP/100 mL; fecales no medidos, E.coli=850000; celdas de coliformes partidas en el PDF, leidas como numero completo)"
BURRO06-S3,El Burro,4.641743,-74.149744,aproximada,"Sitio 3: cuerpo central, encharcamientos entre Schoenoplectus. La Figura 82 no numera los puntos; ubicado segun la descripcion sobre el poligono del PMA 2023 (incertidumbre ~50-100 m)",2006-07,7.1,5.1,5.51,31.2,24.7,189,156,45,50,273.5,0,,9330000,,,,,,PMA_BURRO_2008,"Tabla 33 p.131-132 (nh4 = Amonio; coliformes totales NMP/100 mL; fecales no medidos, E.coli=2130000; celdas de coliformes partidas en el PDF, leidas como numero completo)"
BURRO06-S4,El Burro,4.644437,-74.151987,aproximada,Sitio 4: cuerpo central cerca al dique (entrega del box de la Av. Ciudad de Cali). La Figura 82 no numera los puntos; ubicado segun la descripcion sobre el poligono del PMA 2023 (incertidumbre ~50-100 m),2006-07,6.8,0,4.04,20.6,19.2,64,32,16,8,197,0,,510000,,,,,,PMA_BURRO_2008,"Tabla 33 p.131-132 (nh4 = Amonio; coliformes totales NMP/100 mL; fecales no medidos, E.coli=100000; celdas de coliformes partidas en el PDF, leidas como numero completo)"
BURRO06-S5,El Burro,4.639863,-74.149338,aproximada,"Sitio 5: encharcamiento temporal al pie del relleno de basuras, con lixiviados. La Figura 82 no numera los puntos; ubicado segun la descripcion sobre el poligono del PMA 2023 (incertidumbre ~50-100 m)",2006-07,8.2,0,12.42,20.4,6.1,780,208,25,22,950.5,0,,682,,,,,,PMA_BURRO_2008,"Tabla 33 p.131-132 (nh4 = Amonio; coliformes totales NMP/100 mL; fecales no medidos, E.coli=119.8; celdas de coliformes partidas en el PDF, leidas como numero completo)"
BUR-SEC1-EUC,El Burro,4.641418,-74.149446,aproximada,"Sector 1 (Euc), cuerpo de agua sur; digitalizado sobre la grilla MAGNA Ciudad Bogota (EPSG:6247) del mapa Figura 44 (error aprox. 10 m)",2022-11-30,6.9,5.83,1.09,3.85,1.93,38.4,13.2,2.57,13,292,5.88,1210,5730,,,,,,PMA_BURRO_2023,Cap. I Tabla 23 p.79-80 (coliformes termotolerantes NMP/100 mL -> coliformes_fecales); ubicacion Figura 44 p.78
BUR-SEC4-ANTEST,El Burro,4.646086,-74.153941,aproximada,"Sector 4, llegada del Canal Castilla (extremo NW); digitalizado sobre la grilla MAGNA Ciudad Bogota (EPSG:6247) del mapa Figura 44 (error aprox. 10 m)",2022-12-01,6.3,2.32,1.68,10.5,2.45,43.5,13.9,5.03,386,552,3.37,630,10390,,,,,,PMA_BURRO_2023,Cap. I Tabla 23 p.79-80 (coliformes termotolerantes NMP/100 mL -> coliformes_fecales); ubicacion Figura 44 p.78
BUR-SEC2,El Burro,4.642889,-74.150576,aproximada,"Sector 2, cuerpo central; digitalizado sobre la grilla MAGNA Ciudad Bogota (EPSG:6247) del mapa Figura 44 (error aprox. 10 m)",2022-12-01,6.6,3.88,5.01,9.79,4.45,69,22.5,56.1,188,450,3.2,3640,21420,,,,,,PMA_BURRO_2023,Cap. I Tabla 23 p.79-80 (coliformes termotolerantes NMP/100 mL -> coliformes_fecales); ubicacion Figura 44 p.78
BUR-SEC3,El Burro,4.641957,-74.150231,aproximada,"Sector 3, borde occidental del cuerpo central; digitalizado sobre la grilla MAGNA Ciudad Bogota (EPSG:6247) del mapa Figura 44 (error aprox. 10 m)",2022-12-01,7,4.18,1.09,13.6,6.31,40.1,13.5,16.9,27,273,<0.900,3590,11690,,,,,,PMA_BURRO_2023,Cap. I Tabla 23 p.79-80 (coliformes termotolerantes NMP/100 mL -> coliformes_fecales); ubicacion Figura 44 p.78
BURRO-SECTOR-2008,El Burro,4.641743,-74.149744,aproximada,Representativo del humedal (cuerpo central),2008,,,,,,,,,,,,,,,0.2,,,,PMA_BURRO_2008,Aspectos hidrologicos (Figura 46): 18.8 ha de area legal y 0.2 ha de espejo de agua; zona inundable < 7 ha (Problematica p.3)
BURRO-SECTOR-2023,El Burro,4.641743,-74.149744,aproximada,Representativo del humedal / area de aporte,2023,,,,,,,,,,,,,,,,,49,,PMA_BURRO_2023,"area inundable TR100 modelada 9.62 ha (Cap. I sec. 1.3.4.2.4 p.73, HEC-RAS) NO incluida en area_inundada por ser modelada; conexiones: Cap. V (49 identificadas en el area de aporte, 35 corregidas; EAAB 2023)"
TECHO06-E1,Techo,4.648775,-74.143219,aproximada,Estacion 1: cerca a vertimiento industrial; digitalizado sobre la grilla MAGNA Ciudad Bogota (EPSG:6247) del mapa Figura 41 p.116 (se asume numero de la figura = no. de estacion; la figura muestra 6 puntos),2006 (epoca de lluvias; fecha exacta no reportada),7.19,4.12,2.27,7,<0.28,177,43,13,720,882,7,600,24000,,,,,,PMA_TECHO_2009,"Tabla 15 p.114 (UFC/100 ml). La Tabla 15 rotula los coliformes al reves (fecales > totales); se usa la asignacion de la Tabla 16 p.115 (totales 2.4e4..., fecales 600...)"
TECHO06-E2,Techo,4.648689,-74.142610,aproximada,Estacion 2: entrada vertimiento superficial; digitalizado sobre la grilla MAGNA Ciudad Bogota (EPSG:6247) del mapa Figura 41 p.116 (se asume numero de la figura = no. de estacion; la figura muestra 6 puntos),2006 (epoca de lluvias; fecha exacta no reportada),7.12,2.91,0.49,6.72,2.24,106,28,11,492,448,10,1800,36000,,,,,,PMA_TECHO_2009,"Tabla 15 p.114 (UFC/100 ml). La Tabla 15 rotula los coliformes al reves (fecales > totales); se usa la asignacion de la Tabla 16 p.115 (totales 2.4e4..., fecales 600...)"
TECHO06-E3,Techo,4.647885,-74.142453,aproximada,Estacion 3: cerca al potrero; digitalizado sobre la grilla MAGNA Ciudad Bogota (EPSG:6247) del mapa Figura 41 p.116 (se asume numero de la figura = no. de estacion; la figura muestra 6 puntos),2006 (epoca de lluvias; fecha exacta no reportada),7.08,5.83,1.99,7.28,<0.28,146,40,11,788,1082,7,900,480000,,,,,,PMA_TECHO_2009,"Tabla 15 p.114 (UFC/100 ml). La Tabla 15 rotula los coliformes al reves (fecales > totales); se usa la asignacion de la Tabla 16 p.115 (totales 2.4e4..., fecales 600...)"
TECHO06-E4,Techo,4.648290,-74.142291,aproximada,Estacion 4: agua residual domestica; digitalizado sobre la grilla MAGNA Ciudad Bogota (EPSG:6247) del mapa Figura 41 p.116 (se asume numero de la figura = no. de estacion; la figura muestra 6 puntos),2006 (epoca de lluvias; fecha exacta no reportada),7.05,5.26,2.02,8.4,<0.28,197,34,12,1064,1194,7,1200,340000,,,,,,PMA_TECHO_2009,"Tabla 15 p.114 (UFC/100 ml). La Tabla 15 rotula los coliformes al reves (fecales > totales); se usa la asignacion de la Tabla 16 p.115 (totales 2.4e4..., fecales 600...)"
TECHO-T1,Techo,4.644708,-74.141059,aproximada,Cuerpo T1 (sureste): canales adyacentes que llegan a la estacion de bombeo,PMA 2009,,,,,,,,,,,,,,0.6,,,,,PMA_TECHO_2009,Geotecnia/lodos p.79-80 (espesor de lamina de agua por cuerpo)
TECHO-T2,Techo,4.645874,-74.142807,aproximada,Cuerpo T2 (central),PMA 2009,,,,,,,,,,,,,,0.3,,,,,PMA_TECHO_2009,Geotecnia/lodos p.79-80 (espesor de lamina de agua por cuerpo)
TECHO-T3,Techo,4.648026,-74.142852,aproximada,"Cuerpo T3 (noroccidental, el mayor): lamina promedio 0.30 m, en el NW hasta 0.50 m",PMA 2009,,,,,,,,,,,,,,0.3,,,,,PMA_TECHO_2009,Geotecnia/lodos p.79-80 (espesor de lamina de agua por cuerpo)
TECHO-SECTOR-2009,Techo,4.648026,-74.142852,aproximada,Representativo del humedal (cuerpo T3),2009,,,,,,,,,,,,,,,2.81,,,,PMA_TECHO_2009,Tabla 5 p.46 (area de espejo usada para evaporacion: 2.81 ha); area legal 11.69 ha (p.21); 2.5 ha de zona humeda (p.85)
TECHO-CONEX-2023,Techo,4.644708,-74.141059,aproximada,"Area de aporte de los colectores Castilla y Villa Alsacia (sector 1, costado sur)",2023,,,,,,,,,,,,,,,,,343,,PMA_TECHO_2023,"Cap. V p.37 (343 identificadas, 270 corregidas, 72 pendientes; EAAB 2023); Cap. II p.151 (262 corregidas, contrato 1-01-35100-0083-2020)"
TECHO-ENTREGA-SUR,Techo,4.643931,-74.141347,aproximada,Entrega pluvial por el Sur (drena 38.53 ha); ubicada en el extremo sur del limite legal,modelado (PMA 2009),,,,,,,,,,,,,,,,,,1254,PMA_TECHO_2009,"Tabla 6 p.47: caudal pico Tr=3 anos (Tr10=1819.1, Tr25=2266.6 L/s); MODELADO"
TECHO-ENTREGA-ORIENTE,Techo,4.644690,-74.140645,aproximada,Entrega pluvial por el Oriente (drena 53.3 ha); ubicada en el borde oriental del cuerpo T1,modelado (PMA 2009),,,,,,,,,,,,,,,,,,1737.9,PMA_TECHO_2009,"Tabla 6 p.47: caudal pico Tr=3 anos (Tr10=2521.4, Tr25=3141.6 L/s); MODELADO"
